{"sep": 1.0636363636363637, "align": 2.5, "coh": 0.3409090909090909, "speed": 7.468181818181818, "noise": 0.04318181818181818}